Frame,Time (s),Face Index,Center X,Center Y
0,0.00,0,2586,686
0,0.00,1,934,671
0,0.00,2,2951,706
0,0.00,3,1326,601
1,0.03,0,2586,686
1,0.03,1,935,673
1,0.03,2,1328,601
1,0.03,3,2951,706
2,0.07,0,2586,686
2,0.07,1,933,671
2,0.07,2,1329,601
2,0.07,3,2951,706
3,0.10,0,2586,686
3,0.10,1,934,670
3,0.10,2,1329,601
3,0.10,3,2951,705
4,0.13,0,2584,685
4,0.13,1,934,672
4,0.13,2,1326,601
4,0.13,3,2949,705
5,0.17,0,2584,685
5,0.17,1,934,672
5,0.17,2,1325,601
5,0.17,3,2949,705
6,0.20,0,2584,684
6,0.20,1,934,673
6,0.20,2,1323,602
6,0.20,3,2948,704
7,0.23,0,2584,684
7,0.23,1,934,674
7,0.23,2,1325,602
7,0.23,3,2948,705
8,0.27,0,2585,685
8,0.27,1,934,674
8,0.27,2,1328,601
8,0.27,3,2949,706
9,0.30,0,2585,685
9,0.30,1,934,673
9,0.30,2,2948,705
9,0.30,3,1326,602
10,0.33,0,2585,685
10,0.33,1,934,675
10,0.33,2,1327,601
10,0.33,3,2948,705
11,0.37,0,2585,684
11,0.37,1,934,676
11,0.37,2,2948,706
11,0.37,3,1325,601
12,0.40,0,2585,683
12,0.40,1,933,674
12,0.40,2,1320,603
12,0.40,3,2946,706
13,0.43,0,2585,683
13,0.43,1,934,675
13,0.43,2,1322,603
13,0.43,3,2947,707
14,0.47,0,2586,682
14,0.47,1,933,675
14,0.47,2,2947,706
14,0.47,3,1323,601
15,0.50,0,2584,682
15,0.50,1,933,675
15,0.50,2,1324,603
15,0.50,3,2946,705
16,0.53,0,2586,683
16,0.53,1,934,677
16,0.53,2,1322,601
16,0.53,3,2947,706
17,0.57,0,2588,684
17,0.57,1,934,676
17,0.57,2,2949,707
17,0.57,3,1325,598
18,0.60,0,2589,684
18,0.60,1,935,674
18,0.60,2,2949,707
18,0.60,3,1325,598
19,0.63,0,2588,684
19,0.63,1,935,677
19,0.63,2,2948,708
19,0.63,3,1325,597
20,0.67,0,2588,683
20,0.67,1,934,675
20,0.67,2,2948,707
20,0.67,3,1324,598
21,0.70,0,2589,684
21,0.70,1,935,675
21,0.70,2,2950,708
21,0.70,3,1326,598
22,0.73,0,2589,684
22,0.73,1,937,673
22,0.73,2,2951,706
22,0.73,3,1326,600
23,0.77,0,2588,683
23,0.77,1,936,672
23,0.77,2,2951,706
23,0.77,3,1326,600
24,0.80,0,2588,682
24,0.80,1,934,673
24,0.80,2,2951,705
24,0.80,3,1323,599
25,0.83,0,2588,682
25,0.83,1,934,673
25,0.83,2,2951,705
25,0.83,3,1324,599
26,0.87,0,2588,684
26,0.87,1,936,673
26,0.87,2,2951,704
26,0.87,3,1324,599
27,0.90,0,2588,684
27,0.90,1,936,673
27,0.90,2,2952,705
27,0.90,3,1324,599
28,0.93,0,2588,684
28,0.93,1,935,673
28,0.93,2,2952,705
28,0.93,3,1324,600
29,0.97,0,2588,685
29,0.97,1,936,672
29,0.97,2,2952,706
29,0.97,3,1325,601
30,1.00,0,2589,686
30,1.00,1,936,671
30,1.00,2,2952,707
30,1.00,3,1325,601
31,1.03,0,2589,685
31,1.03,1,936,673
31,1.03,2,2952,707
31,1.03,3,1324,601
32,1.07,0,2589,686
32,1.07,1,936,674
32,1.07,2,1323,602
32,1.07,3,2952,706
33,1.10,0,2590,686
33,1.10,1,936,673
33,1.10,2,2953,708
33,1.10,3,1322,602
34,1.13,0,2590,686
34,1.13,1,937,673
34,1.13,2,1322,604
34,1.13,3,2953,707
35,1.17,0,2591,686
35,1.17,1,936,674
35,1.17,2,1322,604
35,1.17,3,2953,709
36,1.20,0,2591,686
36,1.20,1,1321,604
36,1.20,2,936,675
36,1.20,3,2953,708
37,1.23,0,2590,686
37,1.23,1,2953,709
37,1.23,2,1321,604
37,1.23,3,937,674
38,1.27,0,2591,687
38,1.27,1,938,675
38,1.27,2,1321,606
38,1.27,3,2954,708
39,1.30,0,2590,686
39,1.30,1,1321,605
39,1.30,2,937,673
39,1.30,3,2953,708
40,1.33,0,2590,686
40,1.33,1,1321,606
40,1.33,2,2953,709
40,1.33,3,936,676
41,1.37,0,2590,687
41,1.37,1,1322,607
41,1.37,2,2953,710
41,1.37,3,935,676
42,1.40,0,2590,687
42,1.40,1,1321,607
42,1.40,2,2953,710
42,1.40,3,934,676
43,1.43,0,2590,688
43,1.43,1,1322,606
43,1.43,2,2954,709
43,1.43,3,935,679
44,1.47,0,2590,688
44,1.47,1,1323,604
44,1.47,2,2954,708
44,1.47,3,937,680
45,1.50,0,2590,689
45,1.50,1,937,680
45,1.50,2,2954,709
45,1.50,3,1322,604
46,1.53,0,2591,688
46,1.53,1,935,677
46,1.53,2,2954,710
46,1.53,3,1324,604
47,1.57,0,2592,686
47,1.57,1,937,680
47,1.57,2,2955,711
47,1.57,3,1324,604
48,1.60,0,2593,686
48,1.60,1,2957,709
48,1.60,2,1326,605
48,1.60,3,938,678
49,1.63,0,2595,687
49,1.63,1,2957,710
49,1.63,2,1328,606
49,1.63,3,936,678
50,1.67,0,2594,686
50,1.67,1,2957,709
50,1.67,2,938,679
50,1.67,3,1326,604
51,1.70,0,2594,687
51,1.70,1,2956,710
51,1.70,2,940,680
51,1.70,3,1327,604
52,1.74,0,2594,688
52,1.74,1,940,683
52,1.74,2,2955,710
52,1.74,3,1327,603
53,1.77,0,2595,689
53,1.77,1,941,682
53,1.77,2,2954,713
53,1.77,3,1328,606
54,1.80,0,2595,692
54,1.80,1,939,685
54,1.80,2,2955,717
54,1.80,3,1327,609
55,1.84,0,2597,695
55,1.84,1,936,686
55,1.84,2,2956,719
55,1.84,3,1330,608
56,1.87,0,2598,701
56,1.87,1,2955,718
56,1.87,2,942,684
56,1.87,3,1332,611
57,1.90,0,2600,703
57,1.90,1,2955,718
57,1.90,2,944,685
57,1.90,3,1333,616
58,1.94,0,2601,703
58,1.94,1,2956,712
58,1.94,2,946,686
58,1.94,3,1335,616
59,1.97,0,2602,697
59,1.97,1,2957,706
59,1.97,2,948,687
59,1.97,3,1333,608
60,2.00,0,2603,679
60,2.00,1,948,686
60,2.00,2,1331,603
60,2.00,3,2957,684
61,2.04,0,2601,658
61,2.04,1,1334,587
61,2.04,2,947,681
61,2.04,3,2958,673
62,2.07,0,2600,637
62,2.07,1,2961,667
62,2.07,2,1338,566
62,2.07,3,945,669
63,2.10,0,2599,631
63,2.10,1,1338,551
63,2.10,2,936,655
63,2.10,3,2962,667
63,2.10,4,332,1208
63,2.10,5,3757,1249
64,2.14,0,2598,630
64,2.14,1,1338,554
64,2.14,2,2960,667
64,2.14,3,932,646
65,2.17,0,2599,637
65,2.17,1,931,644
65,2.17,2,1340,551
65,2.17,3,2959,667
66,2.20,0,2598,637
66,2.20,1,1338,558
66,2.20,2,935,655
66,2.20,3,2958,673
67,2.24,0,2599,636
67,2.24,1,1337,563
67,2.24,2,934,656
67,2.24,3,2959,669
67,2.24,4,308,1300
68,2.27,0,2598,637
68,2.27,1,934,656
68,2.27,2,1336,568
68,2.27,3,2961,666
69,2.30,0,2599,638
69,2.30,1,1338,570
69,2.30,2,2962,665
69,2.30,3,937,660
70,2.34,0,2599,637
70,2.34,1,1337,573
70,2.34,2,2961,666
70,2.34,3,939,660
71,2.37,0,2600,643
71,2.37,1,1338,577
71,2.37,2,2961,668
71,2.37,3,941,662
72,2.40,0,2600,643
72,2.40,1,1336,580
72,2.40,2,2958,671
72,2.40,3,942,664
73,2.44,0,2603,649
73,2.44,1,1336,584
73,2.44,2,2961,672
73,2.44,3,943,668
73,2.44,4,306,1279
74,2.47,0,2601,653
74,2.47,1,1336,581
74,2.47,2,2961,675
74,2.47,3,943,672
74,2.47,4,303,1282
75,2.50,0,2603,654
75,2.50,1,1335,585
75,2.50,2,2960,676
75,2.50,3,943,670
76,2.54,0,2605,656
76,2.54,1,1334,590
76,2.54,2,2958,677
76,2.54,3,943,673
77,2.57,0,2606,657
77,2.57,1,1336,593
77,2.57,2,2956,681
77,2.57,3,946,678
78,2.60,0,2606,660
78,2.60,1,1337,597
78,2.60,2,2956,684
78,2.60,3,947,682
79,2.64,0,2608,662
79,2.64,1,1338,601
79,2.64,2,2956,688
79,2.64,3,947,688
80,2.67,0,2609,667
80,2.67,1,1338,602
80,2.67,2,947,686
80,2.67,3,2957,695
81,2.70,0,2610,668
81,2.70,1,1339,605
81,2.70,2,2957,701
81,2.70,3,950,693
82,2.74,0,2611,671
82,2.74,1,2958,706
82,2.74,2,1339,612
82,2.74,3,948,696
83,2.77,0,2612,676
83,2.77,1,1341,622
83,2.77,2,2958,709
83,2.77,3,949,699
84,2.80,0,2612,680
84,2.80,1,1342,624
84,2.80,2,2961,711
84,2.80,3,951,699
85,2.84,0,2614,680
85,2.84,1,1342,625
85,2.84,2,2961,711
85,2.84,3,953,698
86,2.87,0,2614,681
86,2.87,1,1342,626
86,2.87,2,2964,713
86,2.87,3,955,698
87,2.90,0,2615,679
87,2.90,1,1342,625
87,2.90,2,2963,715
87,2.90,3,953,696
88,2.94,0,2614,672
88,2.94,1,2968,711
88,2.94,2,1340,615
88,2.94,3,951,689
89,2.97,0,2611,664
89,2.97,1,1342,593
89,2.97,2,2973,696
89,2.97,3,953,677
90,3.00,0,2609,652
90,3.00,1,1340,571
90,3.00,2,2974,677
90,3.00,3,942,649
91,3.04,0,2606,655
91,3.04,1,1334,561
91,3.04,2,2977,672
91,3.04,3,930,635
92,3.07,0,2607,663
92,3.07,1,927,631
92,3.07,2,1336,560
92,3.07,3,2974,673
93,3.10,0,2607,667
93,3.10,1,926,629
93,3.10,2,2981,676
93,3.10,3,1340,570
94,3.14,0,2607,668
94,3.14,1,2985,680
94,3.14,2,928,632
94,3.14,3,1339,571
95,3.17,0,2607,666
95,3.17,1,1338,576
95,3.17,2,928,635
95,3.17,3,2982,686
96,3.20,0,2609,666
96,3.20,1,930,638
96,3.20,2,1340,579
96,3.20,3,2979,692
97,3.24,0,2609,666
97,3.24,1,1340,580
97,3.24,2,935,643
97,3.24,3,2981,703
98,3.27,0,2612,667
98,3.27,1,1341,582
98,3.27,2,940,649
98,3.27,3,2978,707
99,3.30,0,2612,668
99,3.30,1,1339,589
99,3.30,2,2977,713
99,3.30,3,939,656
100,3.34,0,2613,669
100,3.34,1,1338,591
100,3.34,2,2977,711
100,3.34,3,939,657
101,3.37,0,2613,673
101,3.37,1,1337,597
101,3.37,2,940,660
101,3.37,3,2980,715
102,3.40,0,2612,677
102,3.40,1,1330,600
102,3.40,2,939,667
102,3.40,3,2978,715
103,3.44,0,2612,678
103,3.44,1,1328,603
103,3.44,2,941,671
103,3.44,3,2978,723
104,3.47,0,2608,685
104,3.47,1,1324,604
104,3.47,2,940,672
104,3.47,3,2979,723
105,3.50,0,2607,689
105,3.50,1,941,673
105,3.50,2,1317,607
105,3.50,3,2979,726
106,3.54,0,2603,697
106,3.54,1,943,680
106,3.54,2,1312,608
106,3.54,3,2980,726
107,3.57,0,2599,702
107,3.57,1,944,681
107,3.57,2,2976,731
107,3.57,3,1304,611
107,3.57,4,1758,1595
108,3.60,0,2595,706
108,3.60,1,1295,611
108,3.60,2,944,681
108,3.60,3,2974,735
109,3.64,0,2592,711
109,3.64,1,1290,612
109,3.64,2,945,682
109,3.64,3,2973,739
110,3.67,0,2586,715
110,3.67,1,1280,611
110,3.67,2,945,680
110,3.67,3,2964,742
111,3.70,0,2580,715
111,3.70,1,1274,610
111,3.70,2,939,679
111,3.70,3,2960,745
112,3.74,0,2578,714
112,3.74,1,1269,607
112,3.74,2,942,673
112,3.74,3,2957,740
113,3.77,0,2574,718
113,3.77,1,1264,607
113,3.77,2,932,659
113,3.77,3,2952,738
114,3.80,0,2574,716
114,3.80,1,1259,601
114,3.80,2,2948,732
114,3.80,3,930,650
115,3.84,0,2575,714
115,3.84,1,1252,598
115,3.84,2,2945,734
115,3.84,3,913,641
116,3.87,0,2577,711
116,3.87,1,1249,589
116,3.87,2,2941,732
116,3.87,3,900,633
117,3.90,0,2579,706
117,3.90,1,1244,585
117,3.90,2,2937,728
117,3.90,3,885,624
118,3.94,0,2581,703
118,3.94,1,2934,726
118,3.94,2,1240,585
119,3.97,0,1236,588
119,3.97,1,2584,701
119,3.97,2,2926,727
119,3.97,3,1704,1311
120,4.00,0,1231,588
120,4.00,1,2590,697
120,4.00,2,2920,726
121,4.04,0,1230,593
121,4.04,1,2595,689
121,4.04,2,2919,719
122,4.07,0,1230,592
122,4.07,1,2601,685
122,4.07,2,2915,719
123,4.10,0,2607,681
123,4.10,1,1231,594
123,4.10,2,2905,717
124,4.14,0,2612,681
124,4.14,1,1231,594
124,4.14,2,2900,717
125,4.17,0,2624,684
125,4.17,1,1232,597
125,4.17,2,2889,715
126,4.20,0,2629,686
126,4.20,1,1228,599
126,4.20,2,2877,711
127,4.24,0,2635,689
127,4.24,1,1221,603
127,4.24,2,2861,715
128,4.27,0,2643,691
128,4.27,1,1215,606
128,4.27,2,2845,714
129,4.30,0,1200,605
129,4.30,1,2648,691
129,4.30,2,2828,717
129,4.30,3,3479,1573
130,4.34,0,2654,683
130,4.34,1,1182,602
130,4.34,2,2811,717
130,4.34,3,3486,1553
130,4.34,4,1822,1196
131,4.37,0,1161,599
131,4.37,1,2653,677
131,4.37,2,3489,1512
131,4.37,3,1724,1301
132,4.40,0,1132,598
132,4.40,1,3507,1475
132,4.40,2,1746,1299
133,4.44,0,1092,599
133,4.44,1,3531,1451
133,4.44,2,1765,1293
134,4.47,0,1786,1295
134,4.47,1,3555,1427
134,4.47,2,1062,663
135,4.50,0,1046,679
135,4.50,1,2680,635
135,4.50,2,3579,1395
135,4.50,3,1800,1296
136,4.54,0,2682,644
136,4.54,1,1029,690
136,4.54,2,1816,1292
136,4.54,3,3602,1368
137,4.57,0,2685,644
137,4.57,1,1025,705
137,4.57,2,1824,1283
137,4.57,3,3609,1356
137,4.57,4,2124,1268
138,4.60,0,2688,647
138,4.60,1,2131,1251
138,4.60,2,1005,715
138,4.60,3,1059,672
138,4.60,4,1822,1263
138,4.60,5,3615,1351
139,4.64,0,2691,650
139,4.64,1,2133,1242
139,4.64,2,1804,1257
139,4.64,3,3606,1356
140,4.67,0,2691,654
140,4.67,1,1788,1249
140,4.67,2,3591,1360
140,4.67,3,2134,1239
140,4.67,4,1901,1027
140,4.67,5,1086,658
141,4.70,0,2691,661
141,4.70,1,1090,658
141,4.70,2,2135,1239
141,4.70,3,3578,1365
141,4.70,4,1760,1244
141,4.70,5,164,1480
142,4.74,0,2693,665
142,4.74,1,1095,658
142,4.74,2,1736,1252
142,4.74,3,2138,1253
142,4.74,4,3557,1362
142,4.74,5,188,1473
142,4.74,6,1952,1041
143,4.77,0,2692,671
143,4.77,1,1100,659
143,4.77,2,199,1472
143,4.77,3,2155,1246
143,4.77,4,3546,1382
143,4.77,5,1715,1283
144,4.80,0,2692,674
144,4.80,1,2179,1258
144,4.80,2,1102,661
144,4.80,3,3537,1408
144,4.80,4,202,1471
144,4.80,5,1988,1080
144,4.80,6,1713,1310
145,4.84,0,2206,1278
145,4.84,1,2692,678
145,4.84,2,1107,666
145,4.84,3,197,1471
145,4.84,4,2009,1103
145,4.84,5,3535,1422
145,4.84,6,900,739
146,4.87,0,2693,683
146,4.87,1,2243,1296
146,4.87,2,1110,662
146,4.87,3,1705,1352
146,4.87,4,201,1487
146,4.87,5,2023,1123
147,4.90,0,2693,686
147,4.90,1,204,1490
147,4.90,2,2278,1330
147,4.90,3,1113,668
147,4.90,4,1700,1383
147,4.90,5,2045,1158
147,4.90,6,3494,1460
148,4.94,0,2693,688
148,4.94,1,1120,670
148,4.94,2,210,1487
148,4.94,3,2321,1364
148,4.94,4,1698,1394
148,4.94,5,3494,1481
148,4.94,6,2049,1178
149,4.97,0,1699,1402
149,4.97,1,2694,695
149,4.97,2,1120,677
149,4.97,3,217,1496
149,4.97,4,2346,1403
149,4.97,5,3483,1505
150,5.00,0,1702,1410
150,5.00,1,1125,676
150,5.00,2,2694,696
150,5.00,3,229,1493
150,5.00,4,859,826
151,5.04,0,1129,677
151,5.04,1,2693,701
151,5.04,2,1708,1411
151,5.04,3,241,1493
151,5.04,4,848,828
152,5.07,0,1717,1411
152,5.07,1,2693,706
152,5.07,2,1129,679
152,5.07,3,251,1496
152,5.07,4,846,848
153,5.11,0,1129,682
153,5.11,1,2695,712
153,5.11,2,1727,1416
153,5.11,3,265,1509
153,5.11,4,842,867
154,5.14,0,1128,683
154,5.14,1,1737,1423
154,5.14,2,2694,713
154,5.14,3,278,1521
155,5.17,0,1129,684
155,5.17,1,1747,1438
155,5.17,2,2695,713
155,5.17,3,289,1532
155,5.17,4,831,889
155,5.17,5,2352,1164
156,5.21,0,1132,687
156,5.21,1,2696,716
156,5.21,2,1754,1454
156,5.21,3,307,1545
156,5.21,4,821,908
156,5.21,5,2407,1556
157,5.24,0,1132,684
157,5.24,1,2697,718
157,5.24,2,1761,1471
157,5.24,3,2407,1582
157,5.24,4,2351,1168
157,5.24,5,815,926
157,5.24,6,327,1553
158,5.27,0,2698,721
158,5.27,1,1766,1485
158,5.27,2,357,1558
158,5.27,3,1132,686
158,5.27,4,809,927
158,5.27,5,2410,1603
158,5.27,6,2441,1270
158,5.27,7,2006,1259
159,5.31,0,2697,719
159,5.31,1,1764,1500
159,5.31,2,385,1563
159,5.31,3,1133,683
159,5.31,4,793,931
159,5.31,5,2409,1619
159,5.31,6,2362,1150
160,5.34,0,2697,722
160,5.34,1,1761,1516
160,5.34,2,409,1561
160,5.34,3,1132,682
160,5.34,4,787,946
160,5.34,5,2413,1642
160,5.34,6,2360,1155
161,5.37,0,1751,1524
161,5.37,1,2697,724
161,5.37,2,1128,688
161,5.37,3,783,955
161,5.37,4,433,1556
161,5.37,5,2364,1151
162,5.41,0,1740,1529
162,5.41,1,2698,725
162,5.41,2,1129,688
162,5.41,3,778,965
162,5.41,4,2003,1255
162,5.41,5,458,1546
162,5.41,6,2358,1142
163,5.44,0,1729,1531
163,5.44,1,2697,725
163,5.44,2,774,973
163,5.44,3,473,1542
163,5.44,4,1130,678
163,5.44,5,2364,1139
164,5.47,0,1712,1528
164,5.47,1,2697,726
164,5.47,2,764,971
164,5.47,3,1997,1242
164,5.47,4,1126,681
164,5.47,5,497,1535
165,5.51,0,1701,1520
165,5.51,1,2698,727
165,5.51,2,513,1525
165,5.51,3,2001,1237
165,5.51,4,759,972
165,5.51,5,2445,1204
165,5.51,6,2445,1777
166,5.54,0,1692,1513
166,5.54,1,2697,728
166,5.54,2,530,1519
166,5.54,3,758,968
166,5.54,4,2449,1197
166,5.54,5,1121,684
166,5.54,6,2000,1237
166,5.54,7,2452,1791
167,5.57,0,1683,1502
167,5.57,1,2696,731
167,5.57,2,753,964
167,5.57,3,2449,1182
167,5.57,4,2009,1240
167,5.57,5,2467,1795
167,5.57,6,545,1509
167,5.57,7,1108,686
168,5.61,0,1671,1487
168,5.61,1,2694,731
168,5.61,2,559,1504
168,5.61,3,2448,1175
168,5.61,4,750,962
168,5.61,5,2475,1804
168,5.61,6,1118,687
168,5.61,7,2013,1230
169,5.64,0,1656,1477
169,5.64,1,568,1492
169,5.64,2,2691,728
169,5.64,3,749,958
169,5.64,4,2449,1158
169,5.64,5,2491,1814
169,5.64,6,2023,1228
169,5.64,7,1122,688
170,5.67,0,1650,1470
170,5.67,1,576,1483
170,5.67,2,2689,732
170,5.67,3,2496,1814
170,5.67,4,751,953
170,5.67,5,1116,688
170,5.67,6,2454,1141
171,5.71,0,1639,1463
171,5.71,1,2686,733
171,5.71,2,2503,1811
171,5.71,3,757,946
171,5.71,4,1120,686
171,5.71,5,585,1477
171,5.71,6,2457,1134
171,5.71,7,2037,1221
172,5.74,0,1632,1460
172,5.74,1,593,1476
172,5.74,2,2685,732
172,5.74,3,1112,690
172,5.74,4,2461,1113
172,5.74,5,2514,1807
172,5.74,6,758,937
173,5.77,0,599,1469
173,5.77,1,2686,732
173,5.77,2,1628,1460
173,5.77,3,765,920
173,5.77,4,1112,687
173,5.77,5,2464,1097
173,5.77,6,2528,1799
174,5.81,0,2684,733
174,5.81,1,603,1469
174,5.81,2,776,910
174,5.81,3,1107,687
174,5.81,4,1628,1465
174,5.81,5,2476,1075
175,5.84,0,2680,733
175,5.84,1,601,1472
175,5.84,2,2482,1054
175,5.84,3,785,895
175,5.84,4,1110,689
175,5.84,5,1628,1471
175,5.84,6,2044,1210
176,5.87,0,2679,731
176,5.87,1,590,1464
176,5.87,2,1636,1480
176,5.87,3,793,874
176,5.87,4,2489,1035
176,5.87,5,1095,689
176,5.87,6,2040,1216
177,5.91,0,2674,734
177,5.91,1,1655,1484
177,5.91,2,567,1466
177,5.91,3,809,858
177,5.91,4,1085,685
177,5.91,5,2499,1004
177,5.91,6,2517,1664
177,5.91,7,2035,1217
178,5.94,0,2667,730
178,5.94,1,1687,1491
178,5.94,2,1080,676
178,5.94,3,822,834
178,5.94,4,532,1473
178,5.94,5,2512,982
178,5.94,6,2037,1215
179,5.97,0,2658,730
179,5.97,1,1730,1491
179,5.97,2,838,815
179,5.97,3,1068,675
179,5.97,4,2525,959
179,5.97,5,2034,1215
179,5.97,6,2469,1568
180,6.01,0,2648,727
180,6.01,1,1057,675
180,6.01,2,1779,1492
180,6.01,3,858,788
180,6.01,4,2028,1217
180,6.01,5,2541,935
180,6.01,6,2427,1490
181,6.04,0,2637,727
181,6.04,1,876,766
181,6.04,2,1043,674
181,6.04,3,2558,916
181,6.04,4,2369,1435
181,6.04,5,2011,1216
182,6.07,0,902,740
182,6.07,1,2625,715
182,6.07,2,1030,671
182,6.07,3,2302,1382
182,6.07,4,1998,1228
182,6.07,5,2575,896
183,6.11,0,927,715
183,6.11,1,2591,873
183,6.11,2,2231,1341
183,6.11,3,2608,713
183,6.11,4,243,1515
183,6.11,5,1975,1233
184,6.14,0,953,699
184,6.14,1,1940,1239
184,6.14,2,2586,709
184,6.14,3,2150,1307
185,6.17,0,975,680
185,6.17,1,2571,708
185,6.17,2,1906,1253
185,6.17,3,2634,833
185,6.17,4,2059,1280
185,6.17,5,3513,1526
186,6.21,0,1000,659
186,6.21,1,2557,702
186,6.21,2,2655,820
186,6.21,3,1850,1270
186,6.21,4,2193,1409
186,6.21,5,3570,1532
186,6.21,6,66,1508
187,6.24,0,2535,695
187,6.24,1,1026,647
187,6.24,2,2256,1376
187,6.24,3,2681,806
187,6.24,4,1883,1265
188,6.27,0,2514,685
188,6.27,1,1048,637
188,6.27,2,2706,796
188,6.27,3,2318,1346
188,6.27,4,1867,1291
189,6.31,0,2490,682
189,6.31,1,2375,1322
189,6.31,2,2728,780
189,6.31,3,1067,633
189,6.31,4,2040,1323
189,6.31,5,1810,1291
190,6.34,0,2469,680
190,6.34,1,2422,1290
190,6.34,2,1095,627
190,6.34,3,2755,766
190,6.34,4,2068,1327
190,6.34,5,1694,1241
190,6.34,6,981,672
191,6.37,0,2451,683
191,6.37,1,2461,1258
191,6.37,2,1115,626
191,6.37,3,2774,749
191,6.37,4,1628,1229
191,6.37,5,2098,1317
191,6.37,6,979,663
192,6.41,0,2498,1223
192,6.41,1,2433,681
192,6.41,2,2788,729
192,6.41,3,1137,626
192,6.41,4,1584,1214
193,6.44,0,2525,1194
193,6.44,1,2417,681
193,6.44,2,1550,1186
193,6.44,3,2809,717
193,6.44,4,1167,623
193,6.44,5,984,666
194,6.47,0,2550,1158
194,6.47,1,2405,683
194,6.47,2,2833,707
194,6.47,3,1521,1163
194,6.47,4,986,670
194,6.47,5,1200,622
195,6.51,0,2390,683
195,6.51,1,2573,1134
195,6.51,2,2846,706
195,6.51,3,1500,1129
195,6.51,4,988,663
195,6.51,5,1221,616
196,6.54,0,2380,684
196,6.54,1,2598,1107
196,6.54,2,1482,1097
196,6.54,3,989,668
196,6.54,4,2868,709
196,6.54,5,1259,610
197,6.57,0,2371,682
197,6.57,1,2622,1083
197,6.57,2,1455,1054
197,6.57,3,2885,704
197,6.57,4,994,661
198,6.61,0,2646,1058
198,6.61,1,2363,683
198,6.61,2,1449,1026
198,6.61,3,2903,701
198,6.61,4,997,666
198,6.61,5,1283,599
199,6.64,0,2667,1029
199,6.64,1,2355,683
199,6.64,2,1423,995
199,6.64,3,2929,702
200,6.67,0,2692,1003
200,6.67,1,2346,684
200,6.67,2,1404,959
201,6.71,0,2710,975
201,6.71,1,2340,693
201,6.71,2,1380,942
201,6.71,3,1352,609
202,6.74,0,2729,953
202,6.74,1,2332,707
202,6.74,2,1357,919
202,6.74,3,3004,697
203,6.77,0,2751,934
203,6.77,1,2324,721
203,6.77,2,1320,905
203,6.77,3,3022,710
204,6.81,0,2317,735
204,6.81,1,2775,921
204,6.81,2,1300,903
204,6.81,3,3035,717
205,6.84,0,2798,905
205,6.84,1,2310,733
205,6.84,2,1259,895
205,6.84,3,1429,651
206,6.87,0,2826,890
206,6.87,1,2299,725
206,6.87,2,1220,877
206,6.87,3,2439,819
206,6.87,4,1437,651
207,6.91,0,2856,875
207,6.91,1,2287,710
207,6.91,2,2436,801
207,6.91,3,1182,863
207,6.91,4,1452,656
208,6.94,0,2894,864
208,6.94,1,2272,692
208,6.94,2,2434,783
208,6.94,3,1155,858
208,6.94,4,50,905
208,6.94,5,1475,667
209,6.97,0,2254,677
209,6.97,1,2933,854
209,6.97,2,2431,773
209,6.97,3,1114,852
209,6.97,4,1486,663
209,6.97,5,83,878
210,7.01,0,2231,671
210,7.01,1,2977,834
210,7.01,2,2427,768
210,7.01,3,106,867
210,7.01,4,1072,840
210,7.01,5,1491,662
210,7.01,6,1421,747
210,7.01,7,3735,737
211,7.04,0,2219,670
211,7.04,1,3019,814
211,7.04,2,2419,766
211,7.04,3,130,853
211,7.04,4,1423,723
211,7.04,5,1029,833
211,7.04,6,1495,663
211,7.04,7,3696,731
212,7.07,0,2209,677
212,7.07,1,3062,790
212,7.07,2,1426,714
212,7.07,3,2415,756
212,7.07,4,152,845
212,7.07,5,974,818
212,7.07,6,1507,658
212,7.07,7,3659,722
213,7.11,0,2200,684
213,7.11,1,2407,755
213,7.11,2,1421,702
213,7.11,3,3101,780
213,7.11,4,167,834
213,7.11,5,1518,662
213,7.11,6,929,815
213,7.11,7,3616,703
214,7.14,0,2193,693
214,7.14,1,1418,689
214,7.14,2,2398,750
214,7.14,3,1529,660
214,7.14,4,3139,780
214,7.14,5,184,828
214,7.14,6,880,822
214,7.14,7,3042,734
214,7.14,8,3584,692
215,7.17,0,2187,704
215,7.17,1,1416,683
215,7.17,2,2389,752
215,7.17,3,1542,657
215,7.17,4,201,824
215,7.17,5,3189,784
215,7.17,6,820,827
215,7.17,7,3023,735
215,7.17,8,3535,690
216,7.21,0,2175,717
216,7.21,1,1404,676
216,7.21,2,2375,744
216,7.21,3,758,837
216,7.21,4,206,820
216,7.21,5,3222,784
216,7.21,6,1549,657
216,7.21,7,3497,686
216,7.21,8,3005,731
217,7.24,0,2163,730
217,7.24,1,1394,673
217,7.24,2,1554,656
217,7.24,3,3249,783
217,7.24,4,2365,737
217,7.24,5,210,818
217,7.24,6,2989,732
217,7.24,7,710,859
217,7.24,8,3437,683
218,7.27,0,1559,656
218,7.27,1,1383,670
218,7.27,2,2155,743
218,7.27,3,2358,726
218,7.27,4,3277,780
218,7.27,5,659,874
218,7.27,6,210,821
219,7.31,0,1569,661
219,7.31,1,2144,755
219,7.31,2,2353,714
219,7.31,3,1373,671
219,7.31,4,3311,777
219,7.31,5,210,822
219,7.31,6,587,875
219,7.31,7,1004,733
219,7.31,8,2950,728
220,7.34,0,1360,672
220,7.34,1,1575,662
220,7.34,2,2133,764
220,7.34,3,2348,701
220,7.34,4,210,825
220,7.34,5,3344,768
220,7.34,6,536,875
220,7.34,7,1004,733
220,7.34,8,2929,728
220,7.34,9,3795,876
221,7.37,0,489,858
221,7.37,1,1582,664
221,7.37,2,2342,697
221,7.37,3,2121,768
221,7.37,4,1353,672
221,7.37,5,214,822
221,7.37,6,1015,736
221,7.37,7,3768,865
221,7.37,8,2907,730
221,7.37,9,3383,750
222,7.41,0,1593,663
222,7.41,1,2340,696
222,7.41,2,456,837
222,7.41,3,2112,769
222,7.41,4,1349,670
222,7.41,5,219,823
222,7.41,6,2892,738
222,7.41,7,1026,738
222,7.41,8,3267,715
222,7.41,9,3747,855
222,7.41,10,3421,747
223,7.44,0,2100,775
223,7.44,1,1346,670
223,7.44,2,1606,664
223,7.44,3,2341,693
223,7.44,4,432,826
223,7.44,5,2882,753
223,7.44,6,225,808
223,7.44,7,1035,743
223,7.44,8,3236,718
223,7.44,9,3722,837
223,7.44,10,3457,743
224,7.47,0,2090,776
224,7.47,1,1626,663
224,7.47,2,1349,666
224,7.47,3,2340,692
224,7.47,4,404,811
224,7.47,5,3215,721
224,7.47,6,1047,752
224,7.47,7,233,807
224,7.47,8,3488,742
224,7.47,9,2871,760
224,7.47,10,3693,825
225,7.51,0,1645,664
225,7.51,1,2083,774
225,7.51,2,381,804
225,7.51,3,1354,668
225,7.51,4,2344,689
225,7.51,5,3194,719
225,7.51,6,1064,750
225,7.51,7,2857,756
225,7.51,8,3535,740
225,7.51,9,230,786
226,7.54,0,2075,773
226,7.54,1,1662,664
226,7.54,2,2345,696
226,7.54,3,1361,667
226,7.54,4,369,782
226,7.54,5,1083,752
226,7.54,6,3171,719
226,7.54,7,2841,766
226,7.54,8,3570,743
227,7.57,0,2063,762
227,7.57,1,1676,663
227,7.57,2,1369,667
227,7.57,3,2343,703
227,7.57,4,3152,713
227,7.57,5,426,780
227,7.57,6,1100,748
227,7.57,7,314,779
227,7.57,8,2825,767
227,7.57,9,3620,776
228,7.61,0,2049,752
228,7.61,1,1688,658
228,7.61,2,1377,669
228,7.61,3,2341,712
228,7.61,4,445,766
228,7.61,5,3128,710
228,7.61,6,286,767
228,7.61,7,1120,742
228,7.61,8,2807,770
228,7.61,9,3598,801
229,7.64,0,2037,735
229,7.64,1,2340,719
229,7.64,2,1702,660
229,7.64,3,1383,666
229,7.64,4,3103,694
229,7.64,5,1138,721
229,7.64,6,472,757
229,7.64,7,2795,772
229,7.64,8,3574,793
229,7.64,9,3690,756
229,7.64,10,252,782
230,7.67,0,2338,720
230,7.67,1,1715,654
230,7.67,2,1394,660
230,7.67,3,2023,716
230,7.67,4,3080,677
230,7.67,5,1154,718
230,7.67,6,3553,790
230,7.67,7,504,746
230,7.67,8,2781,763
230,7.67,9,3727,748
230,7.67,10,294,802
231,7.71,0,1726,653
231,7.71,1,3059,665
231,7.71,2,2336,718
231,7.71,3,1400,657
231,7.71,4,1168,707
231,7.71,5,526,733
231,7.71,6,3536,786
231,7.71,7,2764,753
231,7.71,8,307,789
231,7.71,9,2010,700
231,7.71,10,179,769
231,7.71,11,3754,749
232,7.74,0,1735,649
232,7.74,1,2336,715
232,7.74,2,3042,668
232,7.74,3,552,717
232,7.74,4,2001,708
232,7.74,5,1174,703
232,7.74,6,317,789
232,7.74,7,3525,787
232,7.74,8,1408,651
232,7.74,9,2752,756
232,7.74,10,139,780
232,7.74,11,3793,740
233,7.77,0,1744,657
233,7.77,1,3032,681
233,7.77,2,1990,710
233,7.77,3,2329,713
233,7.77,4,1419,659
233,7.77,5,3508,788
233,7.77,6,121,776
233,7.77,7,586,714
233,7.77,8,327,789
233,7.77,9,2740,762
233,7.77,10,1188,696
234,7.81,0,1980,707
234,7.81,1,1750,661
234,7.81,2,1428,665
234,7.81,3,3020,683
234,7.81,4,2326,698
234,7.81,5,1205,676
234,7.81,6,3494,788
234,7.81,7,2723,773
234,7.81,8,339,789
234,7.81,9,79,786
234,7.81,10,611,726
235,7.84,0,1758,664
235,7.84,1,1971,709
235,7.84,2,1440,665
235,7.84,3,2323,689
235,7.84,4,2708,771
235,7.84,5,345,794
235,7.84,6,3483,783
235,7.84,7,1218,671
235,7.84,8,3007,677
235,7.84,9,635,751
235,7.84,10,48,785
236,7.87,0,1763,667
236,7.87,1,1454,669
236,7.87,2,2318,680
236,7.87,3,1239,679
236,7.87,4,2696,781
236,7.87,5,1964,709
236,7.87,6,3471,785
236,7.87,7,355,790
236,7.87,8,663,768
236,7.87,9,2986,682
237,7.91,0,1254,689
237,7.91,1,1465,668
237,7.91,2,2681,779
237,7.91,3,678,782
237,7.91,4,2313,679
237,7.91,5,367,785
237,7.91,6,1958,705
237,7.91,7,3462,784
237,7.91,8,1766,685
238,7.94,0,1269,695
238,7.94,1,705,786
238,7.94,2,1479,674
238,7.94,3,2307,684
238,7.94,4,385,780
238,7.94,5,1951,715
238,7.94,6,3448,786
238,7.94,7,1791,620
238,7.94,8,2657,785
239,7.97,0,1783,677
239,7.97,1,731,795
239,7.97,2,1489,682
239,7.97,3,1285,710
239,7.97,4,2308,694
239,7.97,5,2973,729
239,7.97,6,2653,788
239,7.97,7,1942,713
239,7.97,8,401,784
239,7.97,9,3434,790
240,8.01,0,1791,680
240,8.01,1,1938,726
240,8.01,2,2635,798
240,8.01,3,2972,738
240,8.01,4,755,799
240,8.01,5,1502,688
240,8.01,6,1299,730
240,8.01,7,2310,704
240,8.01,8,407,803
240,8.01,9,3421,794
241,8.04,0,1800,677
241,8.04,1,2311,718
241,8.04,2,1932,735
241,8.04,3,2968,749
241,8.04,4,2616,808
241,8.04,5,1310,746
241,8.04,6,1512,691
241,8.04,7,775,805
241,8.04,8,421,820
242,8.07,0,1806,682
242,8.07,1,2597,817
242,8.07,2,2315,731
242,8.07,3,1930,741
242,8.07,4,1518,697
242,8.07,5,2956,765
242,8.07,6,796,805
242,8.07,7,1321,765
242,8.07,8,3392,849
242,8.07,9,435,837
243,8.11,0,2947,781
243,8.11,1,2585,822
243,8.11,2,1815,689
243,8.11,3,1528,705
243,8.11,4,2313,749
243,8.11,5,1928,752
243,8.11,6,1330,787
243,8.11,7,814,807
243,8.11,8,3398,856
244,8.14,0,1821,702
244,8.14,1,2314,755
244,8.14,2,1532,708
244,8.14,3,831,805
244,8.14,4,1923,759
244,8.14,5,1333,799
244,8.14,6,2933,799
244,8.14,7,2568,828
245,8.17,0,1533,714
245,8.17,1,1820,706
245,8.17,2,2302,752
245,8.17,3,2913,799
245,8.17,4,1332,802
245,8.17,5,1920,757
245,8.17,6,2547,825
245,8.17,7,840,806
246,8.21,0,1530,716
246,8.21,1,2288,750
246,8.21,2,846,798
246,8.21,3,1816,710
246,8.21,4,2529,822
246,8.21,5,2890,790
246,8.21,6,1333,797
246,8.21,7,1910,751
246,8.21,8,3321,887
247,8.24,0,1531,712
247,8.24,1,850,793
247,8.24,2,1812,710
247,8.24,3,2872,774
247,8.24,4,2271,749
247,8.24,5,1332,789
247,8.24,6,2516,817
247,8.24,7,1906,740
247,8.24,8,481,850
248,8.27,0,1531,720
248,8.27,1,1807,715
248,8.27,2,857,812
248,8.27,3,2259,771
248,8.27,4,2853,771
248,8.27,5,2505,814
248,8.27,6,1335,791
248,8.27,7,1907,746
249,8.31,0,2835,786
249,8.31,1,855,816
249,8.31,2,1800,715
249,8.31,3,2242,766
249,8.31,4,2494,823
249,8.31,5,1529,731
249,8.31,6,1339,802
249,8.31,7,3346,908
249,8.31,8,1903,757
249,8.31,9,518,860
250,8.34,0,1800,729
250,8.34,1,863,825
250,8.34,2,1336,801
250,8.34,3,517,892
250,8.34,4,2227,756
250,8.34,5,3346,911
250,8.34,6,2816,795
250,8.34,7,1900,754
250,8.34,8,1526,749
251,8.38,0,877,833
251,8.38,1,1802,744
251,8.38,2,524,921
251,8.38,3,1529,758
251,8.38,4,2807,805
251,8.38,5,2220,761
251,8.38,6,1337,803
251,8.38,7,3339,924
251,8.38,8,1900,753
251,8.38,9,2470,857
252,8.41,0,894,841
252,8.41,1,1340,803
252,8.41,2,2220,770
252,8.41,3,1535,762
252,8.41,4,528,939
252,8.41,5,2797,817
252,8.41,6,1815,756
252,8.41,7,3337,935
252,8.41,8,1895,754
252,8.41,9,2465,869
253,8.44,0,915,848
253,8.44,1,1541,769
253,8.44,2,1348,810
253,8.44,3,2218,784
253,8.44,4,529,956
253,8.44,5,1827,777
253,8.44,6,3342,958
253,8.44,7,2796,828
253,8.44,8,1893,768
253,8.44,9,2453,868
254,8.48,0,934,851
254,8.48,1,1356,814
254,8.48,2,2224,790
254,8.48,3,535,971
254,8.48,4,1863,785
254,8.48,5,2799,838
254,8.48,6,3342,956
254,8.48,7,1546,779
254,8.48,8,2448,891
255,8.51,0,947,847
255,8.51,1,1363,822
255,8.51,2,2225,792
255,8.51,3,2802,838
255,8.51,4,1554,783
255,8.51,5,1836,800
255,8.51,6,2437,878
255,8.51,7,533,981
255,8.51,8,3342,974
256,8.54,0,960,849
256,8.54,1,1374,823
256,8.54,2,1844,806
256,8.54,3,2434,891
256,8.54,4,2227,793
256,8.54,5,1561,787
256,8.54,6,3337,978
256,8.54,7,532,981
256,8.54,8,2797,836
257,8.58,0,978,851
257,8.58,1,1383,829
257,8.58,2,2231,797
257,8.58,3,1571,788
257,8.58,4,1846,816
257,8.58,5,2431,892
257,8.58,6,2795,824
257,8.58,7,3335,981
257,8.58,8,536,986
257,8.58,9,1910,795
258,8.61,0,992,850
258,8.61,1,1396,831
258,8.61,2,2238,798
258,8.61,3,1850,815
258,8.61,4,1577,787
258,8.61,5,2429,893
258,8.61,6,3330,982
258,8.61,7,540,993
258,8.61,8,2809,817
258,8.61,9,1911,795
259,8.64,0,1407,826
259,8.64,1,1005,845
259,8.64,2,1586,782
259,8.64,3,2248,797
259,8.64,4,2429,895
259,8.64,5,1858,808
259,8.64,6,3325,983
259,8.64,7,541,996
259,8.64,8,2816,806
259,8.64,9,1904,792
260,8.68,0,1416,826
260,8.68,1,1591,779
260,8.68,2,1861,795
260,8.68,3,1020,843
260,8.68,4,2259,794
260,8.68,5,2430,895
260,8.68,6,2832,801
260,8.68,7,3316,984
260,8.68,8,542,1010
260,8.68,9,1913,790
261,8.71,0,1596,772
261,8.71,1,543,1014
261,8.71,2,1030,843
261,8.71,3,1869,783
261,8.71,4,1424,838
261,8.71,5,2270,794
261,8.71,6,2430,891
261,8.71,7,2838,787
261,8.71,8,3308,992
262,8.74,0,1874,769
262,8.74,1,2278,794
262,8.74,2,1040,851
262,8.74,3,1433,851
262,8.74,4,1601,772
262,8.74,5,2847,784
262,8.74,6,546,1021
262,8.74,7,3300,1006
262,8.74,8,2431,891
263,8.78,0,2289,789
263,8.78,1,1879,767
263,8.78,2,2852,786
263,8.78,3,1439,856
263,8.78,4,1049,853
263,8.78,5,1606,775
263,8.78,6,549,1031
263,8.78,7,2430,890
263,8.78,8,3296,1011
264,8.81,0,2297,786
264,8.81,1,1888,771
264,8.81,2,555,1031
264,8.81,3,1443,848
264,8.81,4,1061,851
264,8.81,5,1612,774
264,8.81,6,2859,786
264,8.81,7,2429,887
264,8.81,8,3283,1028
265,8.84,0,1887,782
265,8.84,1,2302,791
265,8.84,2,559,1040
265,8.84,3,1441,843
265,8.84,4,1615,776
265,8.84,5,1063,849
265,8.84,6,2858,791
265,8.84,7,3279,1043
265,8.84,8,2432,889
266,8.88,0,1886,783
266,8.88,1,1440,831
266,8.88,2,2302,793
266,8.88,3,1058,849
266,8.88,4,2863,799
266,8.88,5,560,1043
266,8.88,6,2441,895
266,8.88,7,3275,1054
266,8.88,8,1617,774
267,8.91,0,1884,787
267,8.91,1,2306,796
267,8.91,2,1434,829
267,8.91,3,1059,848
267,8.91,4,3276,1064
267,8.91,5,1618,775
267,8.91,6,2867,803
267,8.91,7,2442,895
267,8.91,8,563,1038
268,8.94,0,1882,793
268,8.94,1,2304,798
268,8.94,2,1428,835
268,8.94,3,2863,803
268,8.94,4,1614,778
268,8.94,5,1052,849
268,8.94,6,574,1046
268,8.94,7,3273,1081
268,8.94,8,2438,897
269,8.98,0,1879,797
269,8.98,1,1612,780
269,8.98,2,1422,834
269,8.98,3,2303,800
269,8.98,4,1046,849
269,8.98,5,2855,801
269,8.98,6,3278,1083
269,8.98,7,2437,900
269,8.98,8,580,1037
270,9.01,0,1874,802
270,9.01,1,1415,833
270,9.01,2,1607,774
270,9.01,3,2301,802
270,9.01,4,2843,798
270,9.01,5,1041,847
270,9.01,6,3278,1085
270,9.01,7,2436,900
270,9.01,8,590,1034
271,9.04,0,1871,798
271,9.04,1,2300,801
271,9.04,2,2835,797
271,9.04,3,1038,846
271,9.04,4,1601,776
271,9.04,5,1406,835
271,9.04,6,3277,1085
271,9.04,7,2431,897
271,9.04,8,589,1048
272,9.08,0,1863,791
272,9.08,1,1399,837
272,9.08,2,2818,791
272,9.08,3,2292,799
272,9.08,4,1597,774
272,9.08,5,1033,845
272,9.08,6,3273,1090
272,9.08,7,2425,895
272,9.08,8,591,1050
273,9.11,0,2285,791
273,9.11,1,1027,838
273,9.11,2,1390,837
273,9.11,3,1858,779
273,9.11,4,1591,765
273,9.11,5,2806,786
273,9.11,6,2421,894
273,9.11,7,3269,1095
273,9.11,8,592,1066
274,9.14,0,1854,772
274,9.14,1,2273,782
274,9.14,2,1384,839
274,9.14,3,1589,760
274,9.14,4,2796,777
274,9.14,5,1023,828
274,9.14,6,2419,895
274,9.14,7,3263,1104
274,9.14,8,595,1087
275,9.18,0,1844,753
275,9.18,1,1586,755
275,9.18,2,1017,823
275,9.18,3,2265,780
275,9.18,4,2785,772
275,9.18,5,1379,844
275,9.18,6,3261,1105
275,9.18,7,600,1105
275,9.18,8,2418,892
276,9.21,0,1013,822
276,9.21,1,1837,740
276,9.21,2,2259,775
276,9.21,3,1376,844
276,9.21,4,1586,759
276,9.21,5,2768,776
276,9.21,6,606,1115
276,9.21,7,3256,1105
276,9.21,8,2415,896
277,9.24,0,2250,762
277,9.24,1,1834,736
277,9.24,2,1009,821
277,9.24,3,1584,754
277,9.24,4,1372,840
277,9.24,5,3255,1111
277,9.24,6,612,1128
277,9.24,7,2764,778
277,9.24,8,2411,897
278,9.28,0,2248,750
278,9.28,1,1367,829
278,9.28,2,1832,737
278,9.28,3,1011,818
278,9.28,4,1584,751
278,9.28,5,2769,779
278,9.28,6,3255,1104
278,9.28,7,614,1146
278,9.28,8,2411,887
279,9.31,0,1368,819
279,9.31,1,1017,814
279,9.31,2,1588,744
279,9.31,3,2249,749
279,9.31,4,1832,737
279,9.31,5,619,1151
279,9.31,6,2761,779
279,9.31,7,3251,1086
279,9.31,8,2406,872
280,9.34,0,1022,812
280,9.34,1,1370,809
280,9.34,2,1832,736
280,9.34,3,2254,752
280,9.34,4,1592,739
280,9.34,5,623,1147
280,9.34,6,2399,869
280,9.34,7,3255,1071
280,9.34,8,2769,784
281,9.38,0,1372,799
281,9.38,1,1834,732
281,9.38,2,1034,807
281,9.38,3,1597,733
281,9.38,4,2258,749
281,9.38,5,2397,857
281,9.38,6,2781,782
281,9.38,7,3260,1042
281,9.38,8,612,1138
282,9.41,0,1044,803
282,9.41,1,1837,729
282,9.41,2,1377,795
282,9.41,3,1600,732
282,9.41,4,2263,745
282,9.41,5,2794,776
282,9.41,6,3264,1010
282,9.41,7,2396,846
282,9.41,8,609,1113
283,9.44,0,1840,725
283,9.44,1,1383,793
283,9.44,2,1048,801
283,9.44,3,2267,733
283,9.44,4,2394,848
283,9.44,5,1607,723
283,9.44,6,3268,974
283,9.44,7,599,1067
283,9.44,8,2790,771
283,9.44,9,2514,1566
284,9.48,0,2271,730
284,9.48,1,1848,723
284,9.48,2,1388,790
284,9.48,3,1613,723
284,9.48,4,1054,794
284,9.48,5,2808,766
284,9.48,6,2397,843
284,9.48,7,3266,945
284,9.48,8,596,1046
285,9.51,0,2277,724
285,9.51,1,1854,711
285,9.51,2,1395,785
285,9.51,3,1059,789
285,9.51,4,3263,914
285,9.51,5,2811,764
285,9.51,6,1615,712
285,9.51,7,2399,833
285,9.51,8,587,1003
286,9.54,0,1859,695
286,9.54,1,2279,716
286,9.54,2,1403,778
286,9.54,3,1067,775
286,9.54,4,2405,824
286,9.54,5,2818,758
286,9.54,6,579,966
286,9.54,7,1616,702
286,9.54,8,3268,885
287,9.58,0,1865,677
287,9.58,1,2288,708
287,9.58,2,1408,773
287,9.58,3,1070,767
287,9.58,4,2822,747
287,9.58,5,1616,695
287,9.58,6,2406,811
287,9.58,7,571,928
287,9.58,8,3270,855
288,9.61,0,1871,660
288,9.61,1,2300,705
288,9.61,2,1413,768
288,9.61,3,1075,759
288,9.61,4,2829,732
288,9.61,5,1614,682
288,9.61,6,564,902
288,9.61,7,2411,800
288,9.61,8,3269,829
289,9.64,0,1417,768
289,9.64,1,1876,642
289,9.64,2,1080,753
289,9.64,3,2840,727
289,9.64,4,1611,680
289,9.64,5,2308,703
289,9.64,6,3265,806
289,9.64,7,2415,797
289,9.64,8,563,873
290,9.68,0,1879,627
290,9.68,1,1085,746
290,9.68,2,2321,696
290,9.68,3,1423,766
290,9.68,4,2842,727
290,9.68,5,553,833
290,9.68,6,1610,680
290,9.68,7,2418,791
290,9.68,8,3265,782
291,9.71,0,1880,619
291,9.71,1,2325,695
291,9.71,2,1092,746
291,9.71,3,545,807
291,9.71,4,1427,757
291,9.71,5,1611,679
291,9.71,6,3263,771
291,9.71,7,2849,727
291,9.71,8,2427,784
292,9.74,0,1880,615
292,9.74,1,1092,743
292,9.74,2,2329,693
292,9.74,3,2433,769
292,9.74,4,1428,749
292,9.74,5,1607,675
292,9.74,6,2848,730
292,9.74,7,538,789
292,9.74,8,3268,764
293,9.78,0,1086,742
293,9.78,1,2325,689
293,9.78,2,1878,611
293,9.78,3,1427,743
293,9.78,4,2434,758
293,9.78,5,1604,674
293,9.78,6,2852,727
293,9.78,7,535,778
293,9.78,8,3267,754
294,9.81,0,1084,742
294,9.81,1,2322,685
294,9.81,2,1423,737
294,9.81,3,1874,616
294,9.81,4,1600,669
294,9.81,5,2438,754
294,9.81,6,2844,725
294,9.81,7,523,758
294,9.81,8,3271,756
295,9.84,0,2318,678
295,9.84,1,1078,742
295,9.84,2,1422,737
295,9.84,3,1873,620
295,9.84,4,1594,670
295,9.84,5,517,748
295,9.84,6,2832,719
295,9.84,7,2436,750
296,9.88,0,1071,741
296,9.88,1,2315,677
296,9.88,2,1420,737
296,9.88,3,1872,626
296,9.88,4,2818,712
296,9.88,5,2435,743
296,9.88,6,1589,666
296,9.88,7,514,742
297,9.91,0,1066,742
297,9.91,1,1417,735
297,9.91,2,2436,741
297,9.91,3,2316,671
297,9.91,4,1874,638
297,9.91,5,2807,700
297,9.91,6,1588,672
297,9.91,7,3282,751
297,9.91,8,517,752
298,9.94,0,1059,745
298,9.94,1,1417,732
298,9.94,2,2783,687
298,9.94,3,1873,642
298,9.94,4,2310,666
298,9.94,5,2432,742
298,9.94,6,1584,674
298,9.94,7,3290,752
298,9.94,8,495,763
299,9.98,0,1055,747
299,9.98,1,1416,738
299,9.98,2,1872,647
299,9.98,3,2305,665
299,9.98,4,2763,680
299,9.98,5,1583,677
299,9.98,6,2428,737
299,9.98,7,512,774
299,9.98,8,3287,753
300,10.01,0,1053,747
300,10.01,1,1415,739
300,10.01,2,1870,651
300,10.01,3,2301,669
300,10.01,4,1585,679
300,10.01,5,2424,728
300,10.01,6,2747,672
300,10.01,7,3290,757
300,10.01,8,500,774
